{
  "IcoMoonType": "selection",
  "icons": [
    {
      "icon": {
        "paths": [
          "M669.143 172l-303.429 303.429 303.429 303.429c14.286 14.286 14.286 37.143 0 51.429l-94.857 94.857c-14.286 14.286-37.143 14.286-51.429 0l-424-424c-14.286-14.286-14.286-37.143 0-51.429l424-424c14.286-14.286 37.143-14.286 51.429 0l94.857 94.857c14.286 14.286 14.286 37.143 0 51.429z"
        ],
        "width": 768,
        "attrs": [],
        "isMulticolor": false,
        "isMulticolor2": false,
        "tags": [
          "chevron-left"
        ],
        "defaultCode": 61523,
        "grid": 14
      },
      "attrs": [],
      "properties": {
        "name": "chevron-left",
        "id": 82,
        "order": 16,
        "prevSize": 28,
        "code": 61523
      },
      "setIdx": 0,
      "setId": 1,
      "iconIdx": 0
    },
    {
      "icon": {
        "paths": [
          "M632.571 501.143l-424 424c-14.286 14.286-37.143 14.286-51.429 0l-94.857-94.857c-14.286-14.286-14.286-37.143 0-51.429l303.429-303.429-303.429-303.429c-14.286-14.286-14.286-37.143 0-51.429l94.857-94.857c14.286-14.286 37.143-14.286 51.429 0l424 424c14.286 14.286 14.286 37.143 0 51.429z"
        ],
        "width": 694.8571428571428,
        "attrs": [],
        "isMulticolor": false,
        "isMulticolor2": false,
        "tags": [
          "chevron-right"
        ],
        "defaultCode": 61524,
        "grid": 14
      },
      "attrs": [],
      "properties": {
        "name": "chevron-right",
        "id": 83,
        "order": 3,
        "prevSize": 28,
        "code": 61524
      },
      "setIdx": 0,
      "setId": 1,
      "iconIdx": 1
    },
    {
      "icon": {
        "paths": [
          "M877.714 512v73.143c0 38.857-25.714 73.143-66.857 73.143h-402.286l167.429 168c13.714 13.143 21.714 32 21.714 51.429s-8 38.286-21.714 51.429l-42.857 43.429c-13.143 13.143-32 21.143-51.429 21.143s-38.286-8-52-21.143l-372-372.571c-13.143-13.143-21.143-32-21.143-51.429s8-38.286 21.143-52l372-371.429c13.714-13.714 32.571-21.714 52-21.714s37.714 8 51.429 21.714l42.857 42.286c13.714 13.714 21.714 32.571 21.714 52s-8 38.286-21.714 52l-167.429 167.429h402.286c41.143 0 66.857 34.286 66.857 73.143z"
        ],
        "width": 914.2857142857142,
        "attrs": [],
        "isMulticolor": false,
        "isMulticolor2": false,
        "tags": [
          "arrow-left"
        ],
        "defaultCode": 61536,
        "grid": 14
      },
      "attrs": [],
      "properties": {
        "name": "arrow-left",
        "id": 94,
        "order": 4,
        "prevSize": 28,
        "code": 61536
      },
      "setIdx": 0,
      "setId": 1,
      "iconIdx": 2
    },
    {
      "icon": {
        "paths": [
          "M841.143 548.571c0 19.429-7.429 38.286-21.143 52l-372 372c-13.714 13.143-32.571 21.143-52 21.143s-37.714-8-51.429-21.143l-42.857-42.857c-13.714-13.714-21.714-32.571-21.714-52s8-38.286 21.714-52l167.429-167.429h-402.286c-41.143 0-66.857-34.286-66.857-73.143v-73.143c0-38.857 25.714-73.143 66.857-73.143h402.286l-167.429-168c-13.714-13.143-21.714-32-21.714-51.429s8-38.286 21.714-51.429l42.857-42.857c13.714-13.714 32-21.714 51.429-21.714s38.286 8 52 21.714l372 372c13.714 13.143 21.143 32 21.143 51.429z"
        ],
        "width": 841.1428571428571,
        "attrs": [],
        "isMulticolor": false,
        "isMulticolor2": false,
        "tags": [
          "arrow-right"
        ],
        "defaultCode": 61537,
        "grid": 14
      },
      "attrs": [],
      "properties": {
        "name": "arrow-right",
        "id": 95,
        "order": 5,
        "prevSize": 28,
        "code": 61537
      },
      "setIdx": 0,
      "setId": 1,
      "iconIdx": 3
    },
    {
      "icon": {
        "paths": [
          "M365.714 256v512c0 20-16.571 36.571-36.571 36.571-9.714 0-18.857-4-25.714-10.857l-256-256c-6.857-6.857-10.857-16-10.857-25.714s4-18.857 10.857-25.714l256-256c6.857-6.857 16-10.857 25.714-10.857 20 0 36.571 16.571 36.571 36.571z"
        ],
        "width": 402.2857142857143,
        "attrs": [],
        "isMulticolor": false,
        "isMulticolor2": false,
        "tags": [
          "caret-left"
        ],
        "defaultCode": 61657,
        "grid": 14
      },
      "attrs": [],
      "properties": {
        "name": "caret-left",
        "id": 193,
        "order": 6,
        "prevSize": 28,
        "code": 61657
      },
      "setIdx": 0,
      "setId": 1,
      "iconIdx": 4
    },
    {
      "icon": {
        "paths": [
          "M329.143 512c0 9.714-4 18.857-10.857 25.714l-256 256c-6.857 6.857-16 10.857-25.714 10.857-20 0-36.571-16.571-36.571-36.571v-512c0-20 16.571-36.571 36.571-36.571 9.714 0 18.857 4 25.714 10.857l256 256c6.857 6.857 10.857 16 10.857 25.714z"
        ],
        "width": 329.1428571428571,
        "attrs": [],
        "isMulticolor": false,
        "isMulticolor2": false,
        "tags": [
          "caret-right"
        ],
        "defaultCode": 61658,
        "grid": 14
      },
      "attrs": [],
      "properties": {
        "name": "caret-right",
        "id": 194,
        "order": 7,
        "prevSize": 28,
        "code": 61658
      },
      "setIdx": 0,
      "setId": 1,
      "iconIdx": 5
    },
    {
      "icon": {
        "paths": [
          "M358.286 786.286c0 4.571-2.286 9.714-5.714 13.143l-28.571 28.571c-3.429 3.429-8.571 5.714-13.143 5.714s-9.714-2.286-13.143-5.714l-266.286-266.286c-3.429-3.429-5.714-8.571-5.714-13.143s2.286-9.714 5.714-13.143l266.286-266.286c3.429-3.429 8.571-5.714 13.143-5.714s9.714 2.286 13.143 5.714l28.571 28.571c3.429 3.429 5.714 8.571 5.714 13.143s-2.286 9.714-5.714 13.143l-224.571 224.571 224.571 224.571c3.429 3.429 5.714 8.571 5.714 13.143zM577.714 786.286c0 4.571-2.286 9.714-5.714 13.143l-28.571 28.571c-3.429 3.429-8.571 5.714-13.143 5.714s-9.714-2.286-13.143-5.714l-266.286-266.286c-3.429-3.429-5.714-8.571-5.714-13.143s2.286-9.714 5.714-13.143l266.286-266.286c3.429-3.429 8.571-5.714 13.143-5.714s9.714 2.286 13.143 5.714l28.571 28.571c3.429 3.429 5.714 8.571 5.714 13.143s-2.286 9.714-5.714 13.143l-224.571 224.571 224.571 224.571c3.429 3.429 5.714 8.571 5.714 13.143z"
        ],
        "width": 603.4285714285714,
        "attrs": [],
        "isMulticolor": false,
        "isMulticolor2": false,
        "tags": [
          "angle-double-left"
        ],
        "defaultCode": 61696,
        "grid": 14
      },
      "attrs": [],
      "properties": {
        "name": "angle-double-left",
        "id": 229,
        "order": 8,
        "prevSize": 28,
        "code": 61696
      },
      "setIdx": 0,
      "setId": 1,
      "iconIdx": 6
    },
    {
      "icon": {
        "paths": [
          "M340 548.571c0 4.571-2.286 9.714-5.714 13.143l-266.286 266.286c-3.429 3.429-8.571 5.714-13.143 5.714s-9.714-2.286-13.143-5.714l-28.571-28.571c-3.429-3.429-5.714-8.571-5.714-13.143s2.286-9.714 5.714-13.143l224.571-224.571-224.571-224.571c-3.429-3.429-5.714-8.571-5.714-13.143s2.286-9.714 5.714-13.143l28.571-28.571c3.429-3.429 8.571-5.714 13.143-5.714s9.714 2.286 13.143 5.714l266.286 266.286c3.429 3.429 5.714 8.571 5.714 13.143zM559.429 548.571c0 4.571-2.286 9.714-5.714 13.143l-266.286 266.286c-3.429 3.429-8.571 5.714-13.143 5.714s-9.714-2.286-13.143-5.714l-28.571-28.571c-3.429-3.429-5.714-8.571-5.714-13.143s2.286-9.714 5.714-13.143l224.571-224.571-224.571-224.571c-3.429-3.429-5.714-8.571-5.714-13.143s2.286-9.714 5.714-13.143l28.571-28.571c3.429-3.429 8.571-5.714 13.143-5.714s9.714 2.286 13.143 5.714l266.286 266.286c3.429 3.429 5.714 8.571 5.714 13.143z"
        ],
        "width": 566.8571428571428,
        "attrs": [],
        "isMulticolor": false,
        "isMulticolor2": false,
        "tags": [
          "angle-double-right"
        ],
        "defaultCode": 61697,
        "grid": 14
      },
      "attrs": [],
      "properties": {
        "name": "angle-double-right",
        "id": 230,
        "order": 9,
        "prevSize": 28,
        "code": 61697
      },
      "setIdx": 0,
      "setId": 1,